Country Name,Country Code,2017 [YR2017] - Access to electricity (% of population) [EG.ELC.ACCS.ZS],2017 [YR2017] - Access to clean fuels and technologies for cooking (% of population) [EG.CFT.ACCS.ZS],2017 [YR2017] - Control of Corruption: Estimate [CC.EST],"2017 [YR2017] - Children in employment, total (% of children ages 7-14) [SL.TLF.0714.ZS]",2017 [YR2017] - Government Effectiveness: Estimate [GE.EST],"2017 [YR2017] - Life expectancy at birth, total (years) [SP.DYN.LE00.IN]","2017 [YR2017] - Literacy rate, adult total (% of people ages 15 and above) [SE.ADT.LITR.ZS]",2017 [YR2017] - Methane emissions (metric tons of CO2 equivalent per capita) [EN.ATM.METH.PC],2017 [YR2017] - Political Stability and Absence of Violence/Terrorism: Estimate [PV.EST],2017 [YR2017] - Prevalence of undernourishment (% of population) [SN.ITK.DEFC.ZS],2017 [YR2017] - Prevalence of overweight (% of adults) [SH.STA.OWAD.ZS],2017 [YR2017] - Renewable electricity output (% of total electricity output) [EG.ELC.RNEW.ZS],"2017 [YR2017] - School enrollment, primary (% gross) [SE.PRM.ENRR]",2017 [YR2017] - Strength of legal rights index (0=weak to 12=strong) [IC.LGL.CRED.XQ],"2017 [YR2017] - Unemployment, total (% of total labor force) (modeled ILO estimate) [SL.UEM.TOTL.ZS]"
Afghanistan,AFG,97.7,..,-1.516776,..,-1.325623,64.13,..,..,-2.780772,29.8,..,..,102.3105,9,1.55900001525879
Albania,ALB,100,..,-0.417942,..,0.0753428,78.333,..,..,0.3976249,6.2,..,..,107.0466,8,13.75
Algeria,DZA,100,..,-0.610061,..,-0.5964616,76.499,..,..,-0.9602967,3.9,..,..,111.7645,2,11.996000289917
Andorra,AND,100,..,1.242281,..,1.937318,..,..,..,1.449709,..,..,..,..,..,..
Angola,AGO,41.88623046875,..,-1.411941,..,-1.028804,60.379,..,..,-0.2946258,25,..,..,..,1,7.13899993896484
Antigua and Barbuda,ATG,100,..,0.2423304,..,0.0102434,76.752,..,..,0.7588617,..,..,..,103.669,5,..
Argentina,ARG,100,..,-0.2556084,..,0.1601257,76.372,..,..,0.1755473,4.6,..,..,109.7415,2,8.34700012207031
Armenia,ARM,100,..,-0.5600634,..,-0.0966434,74.797,99.73607,..,-0.7054557,4.3,..,..,94.08352,6,17.8269996643066
Australia,AUS,100,..,1.795016,..,1.535622,82.4975609756098,..,..,0.8962889,2.5,..,..,100.339,11,5.5939998626709
Austria,AUT,100,..,1.526027,..,1.461382,81.6414634146342,..,..,1.036315,2.5,..,..,103.1132,4,5.49900007247925
Azerbaijan,AZE,100,..,-0.8848943,..,-0.1615375,72.693,99.79123,..,-0.7603872,2.5,..,..,103.2941,2,5
"Bahamas, The",BHS,100,..,1.173898,..,0.5773413,73.554,..,..,0.9979036,..,..,..,..,6,12.3809995651245
Bahrain,BHR,100,..,-0.1406427,..,0.1859811,77.032,97.40389,..,-0.9481785,..,..,..,101.2131,1,0.947000026702881
Bangladesh,BGD,88,..,-0.8312891,..,-0.7379191,72.052,72.89297,..,-1.249297,14.7,..,..,..,5,4.37200021743774
Barbados,BRB,100,..,1.421144,..,0.8426257,78.981,..,..,0.9764111,3.9,..,..,97.76968,6,9.48700046539307
Belarus,BLR,100,..,-0.2572398,..,-0.3463647,74.1292682926829,..,..,0.0265175,2.5,..,..,101.9658,3,5.65000009536743
Belgium,BEL,100,..,1.497138,..,1.181864,81.4390243902439,..,..,0.4236702,2.5,..,..,103.9056,4,7.08599996566772
Belize,BLZ,98.2651214599609,..,-0.2716393,..,-0.6360012,74.365,..,..,0.0506222,7.5,..,..,113.2306,4,9
Benin,BEN,43.0777473449707,..,-0.5472075,..,-0.6434544,61.174,..,..,0.0453255,10.1,..,..,126.6461,6,2.1800000667572
Bhutan,BTN,97.7,..,1.568301,..,0.5575445,71.129,66.56115,..,1.12759,..,..,..,101.3341,4,2.17000007629395
Bolivia,BOL,91.8,..,-0.6568937,..,-0.3905794,70.945,..,..,-0.303178,17.1,..,..,97.55629,0,3.23300004005432
Bosnia and Herzegovina,BIH,100,..,-0.5150634,..,-0.4821007,77.128,..,..,-0.382096,2.5,..,..,..,7,20.4699993133545
Botswana,BWA,62.8249473571777,..,0.7988232,..,0.4251795,68.812,..,..,1.029,26.4,..,..,..,5,17.6310005187988
Brazil,BRA,100,..,-0.5316854,..,-0.287862,75.456,93.07582,..,-0.4050379,2.5,..,..,115.4478,2,12.8269996643066
Brunei Darussalam,BRN,100,..,0.7127975,..,1.144513,75.585,..,..,1.189136,3.2,..,..,104.8577,12,9.31599998474121
Bulgaria,BGR,100,..,-0.1607917,..,0.2611969,74.8121951219512,..,..,0.3732362,3.6,..,..,..,8,6.16400003433228
Burkina Faso,BFA,25.4737434387207,..,-0.1102404,..,-0.5888137,60.768,..,..,-0.9249717,20,..,..,93.65313,6,6.0149998664856
Burundi,BDI,9.3,..,-1.283351,..,-1.339432,60.898,68.37533,..,-1.970385,..,..,..,123.8596,2,1.50100004673004
Cabo Verde,CPV,92.9136352539063,..,0.8402322,..,0.1563388,72.57,..,..,0.9021815,12.6,..,..,103.2829,1,12.2410001754761
Cambodia,KHM,89.07,..,-1.290856,..,-0.6553081,69.289,..,..,0.1680294,16.4,..,..,107.8131,10,1.06200003623962
Cameroon,CMR,61.4018745422363,..,-1.184609,..,-0.8197913,58.511,..,..,-1.084649,9.9,..,..,..,6,3.35899996757507
Canada,CAN,100,..,1.924201,..,1.854211,82.2489756097561,..,..,1.110387,2.5,..,..,100.9437,9,6.34000015258789
Central African Republic,CAF,29.9820384979248,..,-1.172709,..,-1.770058,52.24,..,..,-1.938854,59.6,..,..,..,6,6.44700002670288
Chad,TCD,10.8764162063599,..,-1.431806,..,-1.461042,53.712,..,..,-1.34088,37.5,..,..,..,6,2.19899988174438
Chile,CHL,100,..,1.039394,..,0.8513755,79.909,96.40228,..,0.378081,2.7,..,..,101.4302,4,6.95800018310547
China,CHN,100,..,-0.2695962,..,0.4219082,76.47,..,..,-0.2510059,8.6,..,..,99.40481,4,4.40000009536743
Colombia,COL,99.5952377319336,..,-0.3696626,..,-0.0672727,76.925,..,..,-0.7858247,4.8,..,..,114.9833,11,8.87199974060059
Comoros,COM,79.9312896728516,..,-0.6845407,..,-1.566081,63.912,..,..,0.0306539,..,..,..,99.44759,6,3.69600009918213
"Congo, Dem. Rep.",COD,19.0936317443848,..,-1.417572,..,-1.634156,60.026,..,..,-2.301578,..,..,..,..,6,4.10200023651123
"Congo, Rep.",COG,66.2148513793945,..,-1.330078,..,-1.194322,63.954,..,..,-0.5272153,40.3,..,..,..,6,10.1560001373291
Costa Rica,CRI,99.6,..,0.4668472,..,0.2473534,79.914,..,..,0.510376,4.8,..,..,110.8335,10,8.14200019836426
Cote d'Ivoire,CIV,65.6357574462891,..,-0.5217495,..,-0.7414735,57.017,..,..,-1.09378,19,..,..,98.36802,6,2.48799991607666
Croatia,HRV,100,..,0.1869582,..,0.5767437,77.8268292682927,..,..,0.7452235,2.5,..,..,..,5,11.2080001831055
Cuba,CUB,100,..,0.2658699,..,-0.1978239,78.662,..,..,0.6918283,2.5,..,..,100.4602,..,2.27800011634827
Cyprus,CYP,100,..,0.7828787,..,0.9201956,80.672,..,..,0.6005784,5.6,..,..,..,7,11.0520000457764
Czech Republic,CZE,100,..,0.5678657,..,1.022965,79.4756097560976,..,..,1.015307,2.5,..,..,100.671,7,2.89000010490417
Denmark,DNK,100,..,2.193274,..,1.797004,81.0048780487805,..,..,0.8655067,2.5,..,..,101.2681,8,5.74300003051758
Djibouti,DJI,60.2,..,-0.6403099,..,-1.030469,65.893,..,..,-0.7084761,18.9,..,..,69.59624,1,11.1639995574951
Dominica,DMA,100,..,0.6517005,..,-0.2533445,..,..,..,1.043385,6.2,..,..,..,6,..
Dominican Republic,DOM,100,..,-0.7384883,..,-0.353159,73.689,..,..,0.1602793,9.5,..,..,107.7998,1,5.83199977874756
Ecuador,ECU,100,..,-0.5992185,..,-0.3206941,76.584,92.82979,..,-0.1003769,7.9,..,..,103.5349,1,3.83599996566772
"Egypt, Arab Rep.",EGY,100,..,-0.5405592,..,-0.6192533,71.656,71.16825,..,-1.415257,4.5,..,..,106.1335,2,11.7700004577637
El Salvador,SLV,99.4903869628906,..,-0.5063251,..,-0.3656491,72.872,88.48271,..,-0.2468929,9,..,..,96.15064,9,4.38500022888184
Equatorial Guinea,GNQ,67.1840972900391,..,-1.82574,..,-1.437544,58.061,..,..,-0.1479575,..,..,..,..,6,9.15499973297119
Eritrea,ERI,48.4237899780273,..,-1.202361,..,-1.726647,65.538,..,..,-0.6560822,..,..,..,68.47452,0,6.49700021743774
Estonia,EST,100,..,1.242479,..,1.116494,77.6414634146342,..,..,0.6606354,2.9,..,..,97.23017,7,5.76000022888184
Eswatini,SWZ,73.5262756347656,..,-0.3049492,..,-0.5772451,58.319,..,..,-0.2996981,20.6,..,..,115.1601,4,22.3400001525879
Ethiopia,ETH,44.3,..,-0.5570869,..,-0.6991847,65.872,51.77118,..,-1.687409,20.6,..,..,..,3,1.80999994277954
Fiji,FJI,96,..,0.3592741,..,0.092675,67.252,99.08211,..,0.7927267,3.7,..,..,..,5,4.14300012588501
Finland,FIN,100,..,2.215701,..,1.936893,81.4292682926829,..,..,1.069088,2.5,..,..,100.1546,6,8.64000034332275
France,FRA,100,..,1.259546,..,1.35223,82.5243902439024,..,..,0.2115424,2.5,..,..,102.5108,4,9.39700031280518
Gabon,GAB,92.1912002563477,..,-0.8081481,..,-0.9431855,65.839,..,..,-0.0891662,10.5,..,..,..,6,19.3740005493164
"Gambia, The",GMB,56.2,..,-0.6645676,..,-0.6478594,61.44,..,..,-0.2084272,10.2,..,..,95.23711,6,8.9060001373291
Georgia,GEO,100,..,0.744684,..,0.5703294,73.414,99.36426,..,-0.3711222,7.9,..,..,100.3583,9,13.9300003051758
Germany,DEU,100,..,1.841048,..,1.719366,80.990243902439,..,..,0.5764917,2.5,..,..,104.0224,6,3.74600005149841
Ghana,GHA,79,..,-0.2254184,..,-0.1119579,63.463,..,..,0.0864814,5.5,..,..,105.5099,6,6.62900018692017
Greece,GRC,100,..,-0.1380295,..,0.3136996,81.3878048780488,..,..,-0.1256012,2.5,..,..,99.55348,2,21.488000869751
Grenada,GRD,94.695671081543,..,0.4755489,..,-0.1750416,72.388,..,..,1.026892,..,..,..,111.4477,6,..
Guatemala,GTM,93.2880935668945,..,-0.7394416,..,-0.6398038,73.81,..,..,-0.573127,15.2,..,..,101.1949,9,2.68400001525879
Guinea,GIN,35.4412155151367,..,-1.005737,..,-1.044228,60.706,..,..,-0.6060216,16.5,..,..,..,6,3.57200002670288
Guinea-Bissau,GNB,26.0473480224609,..,-1.562251,..,-1.766072,57.673,..,..,-0.6002936,28,..,..,..,6,4.03299999237061
Guyana,GUY,90.864875793457,..,-0.5077286,..,-0.2905849,69.624,..,..,-0.0374462,8.1,..,..,..,3,12.1149997711182
Haiti,HTI,43.7525634765625,..,-1.237688,..,-2.055587,63.29,..,..,-0.7049372,49.3,..,..,..,2,13.4049997329712
Honduras,HND,86.5,..,-0.7172771,..,-0.5115252,74.898,..,..,-0.5521104,12.9,..,..,91.53496,8,4.0479998588562
Hungary,HUN,100,..,0.0895667,..,0.5135697,76.0634146341464,..,..,0.8133535,2.5,..,..,100.8055,9,4.1560001373291
Iceland,ISL,100,..,1.83808,..,1.450667,82.2048780487805,..,..,1.371231,2.5,..,..,100.3514,4,2.74200010299683
India,IND,92.6186599731445,..,-0.2394729,..,0.0916715,69.165,..,..,-0.826117,14.5,..,..,112.9579,8,2.55699992179871
Indonesia,IDN,98.14,..,-0.2523716,..,0.0407612,71.282,..,..,-0.511807,8.3,..,..,105.9114,6,4.18499994277954
"Iran, Islamic Rep.",IRN,100,..,-0.8112545,..,-0.1909521,76.271,..,..,-0.9295875,4.9,..,..,110.7075,2,12.1000003814697
Iraq,IRQ,100,..,-1.371593,..,-1.265302,70.294,..,..,-2.33111,29,..,..,..,0,7.89099979400635
Ireland,IRL,100,..,1.548576,..,1.291128,81.9560975609756,..,..,1.018091,2.5,..,..,100.8528,7,6.71000003814697
Israel,ISR,100,..,0.8268534,..,1.385821,82.6024390243903,..,..,-0.8790978,2.5,..,..,104.9011,6,4.21500015258789
Italy,ITA,100,..,0.188857,..,0.5024198,83.2439024390244,..,..,0.2371518,2.5,..,..,101.8794,2,11.2110004425049
Jamaica,JAM,99.5064468383789,..,-0.1721858,..,0.489569,74.267,..,..,0.2545243,8,..,..,89.76785,9,11.6590003967285
Japan,JPN,100,..,1.522445,..,1.617229,84.099756097561,..,..,1.12084,2.5,..,..,..,5,2.79999995231628
Jordan,JOR,100,..,0.2600122,..,0.1165232,74.292,..,..,-0.5281549,12.2,..,..,80.77087,0,14.878999710083
Kazakhstan,KAZ,100,..,-0.820549,..,0.0089316,72.95,..,..,0.016214,2.5,..,..,108.7478,6,4.90000009536743
Kenya,KEN,63.8114700317383,..,-0.9557894,..,-0.3119952,65.909,..,..,-1.084383,29.4,..,..,..,7,9.29199981689453
Kiribati,KIR,98.6145706176758,..,0.3902786,..,-0.2455576,67.851,..,..,0.8971391,2.7,..,..,101.3046,4,..
"Korea, Dem. People's Rep.",PRK,43.8711776733398,..,-1.480587,..,-1.69458,71.91,..,..,-0.4806822,47.8,..,..,..,..,3.28699994087219
"Korea, Rep.",KOR,100,..,0.4810342,..,1.082476,82.6268292682927,..,..,0.2896853,2.5,..,..,98.0886,5,3.70000004768372
Kuwait,KWT,100,..,-0.3311524,..,-0.1665631,75.311,96.03595,..,-0.0404395,2.8,..,..,95.6888,1,1.99699997901917
Kyrgyz Republic,KGZ,100,..,-1.05354,..,-0.7144402,71.2,..,..,-0.432659,7.1,..,..,107.0424,9,6.8899998664856
Lao PDR,LAO,93.6,..,-0.9354706,..,-0.3587283,67.277,..,..,0.4297708,16.5,..,..,106.0174,6,0.602999985218048
Latvia,LVA,100,..,0.5360193,..,0.9047853,74.6804878048781,..,..,0.4603259,2.5,..,..,99.36784,9,8.71500015258789
Lebanon,LBN,100,..,-0.9997081,..,-0.5134869,78.833,..,..,-1.593746,11,..,..,..,2,6.11399984359741
Lesotho,LSO,33.7307586669922,..,-0.0257206,..,-0.8502712,52.947,..,..,-0.2481765,13.1,..,..,120.8975,5,23.613000869751
Liberia,LBR,21.4888687133789,..,-0.6879092,..,-1.370018,63.295,48.30136,..,-0.410591,37.2,..,..,85.10919,10,2.02800011634827
Libya,LBY,70.1482009887695,..,-1.590927,..,-1.772441,72.52,..,..,-2.325987,..,..,..,..,0,17.1219997406006
Liechtenstein,LIE,100,..,2.056362,..,1.764954,82.2585365853659,..,..,1.499207,..,..,..,..,..,..
Lithuania,LTU,100,..,0.553921,..,0.9781554,74.6707317073171,..,..,0.7804356,2.5,..,..,103.8747,6,7.07299995422363
Luxembourg,LUX,100,..,1.985429,..,1.683228,82.6853658536585,..,..,1.336963,2.5,..,..,102.2859,3,5.52199983596802
Madagascar,MDG,24.0753917694092,..,-1.049565,..,-1.137712,66.311,..,..,-0.334092,44.4,..,..,..,2,1.6690000295639
Malawi,MWI,12.7,..,-0.6535929,..,-0.6694726,63.279,..,..,-0.2720024,17.5,..,..,145.4889,11,5.46799993515015
Malaysia,MYS,100,..,0.0260305,..,0.8380826,75.828,..,..,0.1608163,2.5,..,..,105.2916,7,3.41000008583069
Maldives,MDV,99.8,..,-0.7871587,..,-0.4511285,78.325,..,..,0.2638324,10.3,..,..,97.1098,2,5.82999992370605
Mali,MLI,43.0898399353027,..,-0.6349823,..,-0.9375542,58.452,..,..,-1.910102,6.3,..,..,80.17078,6,9.4350004196167
Malta,MLT,100,..,0.7398102,..,1.004575,82.4536585365854,..,..,1.265052,2.5,..,..,..,2,4.56699991226196
Marshall Islands,MHL,94.7550048828125,..,0.0018501,..,-1.552681,..,..,..,0.2046465,..,..,..,..,10,..
Mauritania,MRT,42.9123191833496,..,-0.7508865,..,-0.7202016,64.464,53.49759,..,-0.6191258,10.4,..,..,96.65904,2,10.2760000228882
Mauritius,MUS,98.0314331054688,..,0.2005712,..,0.8996159,74.5146341463415,..,..,0.9947399,6.5,..,..,101.5252,6,6.7519998550415
Mexico,MEX,100,..,-0.9275277,..,-0.0253529,74.947,94.97278,..,-0.6470126,3.6,..,..,105.77,10,3.42000007629395
"Micronesia, Fed. Sts.",FSM,80.7566833496094,..,0.7494102,..,0.0901108,67.618,..,..,1.203325,..,..,..,..,10,..
Moldova,MDA,100,..,-0.7981909,..,-0.5110461,71.717,..,..,-0.2399503,..,..,..,91.25053,8,4.09800004959106
Monaco,MCO,100,..,..,..,..,..,..,..,1.649579,..,..,..,..,..,..
Mongolia,MNG,85.8696517944336,..,-0.4513333,..,-0.2618995,69.509,..,..,0.8163508,13.4,..,..,102.9341,9,6.35900020599365
Montenegro,MNE,100,..,-0.0874072,..,0.1543928,76.667,..,..,0.0128939,2.5,..,..,98.11321,12,16.0709991455078
Morocco,MAR,100,..,-0.1324078,..,-0.1599344,76.218,..,..,-0.409674,3.4,..,..,112.4022,2,9.05300045013428
Mozambique,MOZ,27.4254703521729,..,-0.8557664,..,-0.8926979,59.309,60.65543,..,-0.97553,27.9,..,..,107.8132,1,3.17300009727478
Myanmar,MMR,69.8148365975088,..,-0.5648692,..,-1.051279,66.558,..,..,-1.084084,10.6,..,..,112.2236,2,1.55099999904633
Namibia,NAM,52.5011825561523,..,0.3247772,..,0.1986655,63.021,..,..,0.650074,27.3,..,..,..,5,23.0879993438721
Nauru,NRU,99.5531692504883,..,-0.4726073,..,-0.4338872,..,..,..,0.5737255,..,..,..,..,..,..
Nepal,NPL,95.5074768066406,..,-0.7491414,..,-0.8817721,70.169,..,..,-0.662325,8.7,..,..,143.9195,10,1.25300002098083
Netherlands,NLD,100,..,1.867232,..,1.851844,81.5609756097561,..,..,0.9166426,2.5,..,..,104.2296,2,4.83900022506714
New Zealand,NZL,100,..,2.241001,..,1.766219,81.6585365853659,..,..,1.593475,2.5,..,..,99.97476,12,4.7020001411438
Nicaragua,NIC,86.7677993774414,..,-0.8717744,..,-0.6382679,74.068,..,..,-0.045383,17,..,..,..,1,4.21299982070923
Niger,NER,20.0419044494629,..,-0.6473674,..,-0.6733168,61.599,..,..,-1.30297,16.5,..,..,74.7362,6,0.284999996423721
Nigeria,NGA,54.4,..,-1.067754,..,-0.9603581,53.95,..,..,-1.943169,13.4,..,..,..,9,6.01300001144409
North Macedonia,MKD,100,..,-0.3068783,..,0.1400139,75.589,..,..,-0.2490147,3.2,..,..,..,9,22.3810005187988
Norway,NOR,100,..,2.236664,..,1.983251,82.509756097561,..,..,1.153221,2.5,..,..,100.2602,5,4.16200017929077
Oman,OMN,100,..,0.2478644,..,0.2069324,77.393,95.576,..,0.7415977,6.8,..,..,106.3647,1,3.13700008392334
Pakistan,PAK,70.79,..,-0.7778516,..,-0.5849866,66.947,59.13205,..,-2.399124,20.3,..,..,90.58917,2,3.18099999427795
Palau,PLW,100,..,-0.4726073,..,-0.2289631,..,..,..,0.9428045,..,..,..,..,10,..
Panama,PAN,100,..,-0.5393754,..,0.0082321,78.149,..,..,0.3918229,10,..,..,94.38599,8,3.90000009536743
Papua New Guinea,PNG,54.4274482727051,..,-0.8985449,..,-0.6577933,64.01,..,..,-0.5829621,..,..,..,..,9,2.35199999809265
Paraguay,PRY,99.3,..,-0.7247797,..,-0.8123924,73.992,..,..,0.1177736,10.7,..,..,..,1,4.61499977111816
Peru,PER,96.3629913330078,..,-0.495882,..,-0.1278887,76.286,94.14961,..,-0.2556109,9.7,..,..,103.5196,7,3.46000003814697
Philippines,PHL,93,..,-0.4751925,..,-0.0627048,70.952,..,..,-1.236888,13.3,..,..,107.5098,1,2.55200004577637
Poland,POL,100,..,0.725145,..,0.6345671,77.8512195121951,..,..,0.5213445,2.5,..,..,100.0159,7,4.88700008392334
Portugal,PRT,100,..,0.8740765,..,1.332172,81.1243902439025,..,..,1.079428,2.5,..,..,106.1831,2,8.86699962615967
Qatar,QAT,100,..,0.7340495,..,0.7428962,79.981,93.46397,..,0.5465105,..,..,..,103.2807,1,0.140000000596046
Romania,ROU,100,..,-0.0311805,..,-0.173383,75.309756097561,..,..,0.0571236,2.5,..,..,..,9,4.92700004577637
Russian Federation,RUS,100,..,-0.8919385,..,-0.0776052,72.1190243902439,..,..,-0.6738226,2.5,..,..,102.5825,9,5.21199989318848
Rwanda,RWA,34.1,..,0.6332065,..,0.2608743,68.341,..,..,0.0391968,36.8,..,..,137.6818,10,0.953999996185303
Samoa,WSM,96.8,..,0.659628,..,0.6164538,73.046,..,..,1.203325,2.7,..,..,108.5488,9,8.32400035858154
San Marino,SMR,100,..,..,..,..,..,..,..,0.9428045,..,..,..,..,1,..
Sao Tome and Principe,STP,72.5107040405273,..,0.1417677,..,-0.7675905,69.933,..,..,0.2150779,7,..,..,106.7915,0,13.1389999389648
Saudi Arabia,SAU,100,..,0.3640488,..,0.2475115,74.874,95.32863,..,-0.6207026,7.1,..,..,..,1,5.8899998664856
Senegal,SEN,61.7,..,-0.0860353,..,-0.3197731,67.38,51.90042,..,-0.0447035,11.3,..,..,85.57928,6,6.43699979782104
Serbia,SRB,100,..,-0.3747536,..,0.1915469,76.0878048780488,..,..,0.1022786,5.7,..,..,100.3129,6,13.4770002365112
Seychelles,SYC,100,..,0.6812423,..,0.4150706,74.3,..,..,0.676641,..,..,..,99.84532,2,..
Sierra Leone,SLE,23.4,..,-0.5893176,..,-1.205864,53.895,..,..,0.0298302,25.6,..,..,124.4763,5,4.32499980926514
Singapore,SGP,100,..,2.133488,..,2.205368,82.8951219512195,97.20225,..,1.585588,..,..,..,100.627,8,3.90700006484985
Slovak Republic,SVK,100,..,0.2240206,..,0.8074191,77.1658536585366,..,..,0.8813742,3.4,..,..,98.73205,7,8.13099956512451
Slovenia,SVN,100,..,0.8139435,..,1.170744,81.1756097560976,..,..,0.8946251,2.5,..,..,100.3967,3,6.56400012969971
Solomon Islands,SLB,62.8956413269043,..,0.111802,..,-1.005798,72.645,..,..,0.214735,8.9,..,..,112.6239,10,1.77100002765656
Somalia,SOM,32.9465141296387,..,-1.715736,..,-2.21349,56.709,..,..,-2.326141,..,..,..,..,0,13.9130001068115
South Africa,ZAF,84.4,..,-0.0081381,..,0.2784731,63.538,87.04667,..,-0.2673192,6.2,..,..,100.8647,5,27.3269996643066
South Sudan,SSD,25.3820705413818,..,-1.712713,..,-2.478397,57.365,..,..,-2.46105,..,..,..,..,2,12.6389999389648
Spain,ESP,100,..,0.4919703,..,1.034051,83.3292682926829,..,..,0.2694397,2.5,..,..,102.7103,5,17.2240009307861
Sri Lanka,LKA,97.5449752807617,..,-0.4514824,..,-0.1511021,76.648,91.89575,..,-0.0605043,9,..,..,100.6327,2,4.17999982833862
St. Kitts and Nevis,KNA,100,..,0.5077242,..,0.5608362,..,..,..,0.6429279,..,..,..,..,5,..
St. Lucia,LCA,98.7597885131836,..,0.5870592,..,0.2656847,75.907,..,..,1.15488,..,..,..,102.0014,5,20.7900009155273
St. Vincent and the Grenadines,VCT,100,..,0.724358,..,0.2656847,72.3,..,..,0.8989041,5.7,..,..,110.6618,5,19.7310009002686
Sudan,SDN,56.4515495300293,..,-1.544762,..,-1.414937,64.881,..,..,-2.007265,20.1,..,..,76.81606,3,12.7729997634888
Suriname,SUR,96.7831420898438,..,-0.1740105,..,-0.6166974,71.463,..,..,0.1353284,8.5,..,..,110.5575,2,7.59899997711182
Sweden,SWE,100,..,2.138839,..,1.837629,82.3073170731707,..,..,0.976789,2.5,..,..,126.5754,7,6.71799993515015
Switzerland,CHE,100,..,1.988966,..,2.056275,83.6024390243903,..,..,1.208698,2.5,..,..,105.1907,6,4.79699993133545
Syrian Arab Republic,SYR,89.638786315918,..,-1.56242,..,-1.787541,70.967,..,..,-2.631369,..,..,..,..,1,8.0310001373291
Tajikistan,TJK,99.3,..,-1.330518,..,-1.1205,70.647,..,..,-0.6677241,..,..,..,100.8574,1,10.7379999160767
Tanzania,TZA,32.8133316040039,..,-0.4760671,..,-0.6294016,64.479,..,..,-0.5830427,30.7,..,..,89.21768,5,1.93900001049042
Thailand,THA,100,..,-0.3855207,..,0.3846208,76.683,..,..,-0.7573056,7.8,..,..,99.62503,7,0.632000029087067
Timor-Leste,TLS,80.3807525634766,..,-0.5398358,..,-0.9966559,69.007,..,..,0.0275951,24.9,..,..,119.7651,0,2.96300005912781
Togo,TGO,48,..,-0.7052022,..,-1.125332,60.489,..,..,-0.7398774,16.1,..,..,124.351,6,1.65799999237061
Tonga,TON,97.9675903320313,..,-0.1606112,..,-0.2174608,70.701,..,..,0.7927267,..,..,..,..,10,1.00300002098083
Trinidad and Tobago,TTO,100,..,-0.364186,..,0.2597381,73.245,..,..,0.2885051,5.5,..,..,..,7,2.81699991226196
Tunisia,TUN,100,..,-0.1065715,..,-0.0688245,76.31,..,..,-1.052719,4.3,..,..,115.6496,3,15.378999710083
Turkey,TUR,100,..,-0.1929147,..,0.0705116,77.161,96.15053,..,-1.796622,2.5,..,..,93.15498,4,10.8190002441406
Turkmenistan,TKM,100,..,-1.481765,..,-1.213455,67.956,..,..,-0.1483408,5.4,..,..,..,..,3.6949999332428
Tuvalu,TUV,100,..,0.0619364,..,-0.7431608,..,..,..,1.265519,..,..,..,..,..,..
Uganda,UGA,22,..,-1.038217,..,-0.5842058,62.516,..,..,-0.5573964,41,..,..,102.7047,5,1.69799995422363
Ukraine,UKR,100,..,-0.7835138,..,-0.4598058,71.7809756097561,..,..,-1.886041,3.5,..,..,..,8,9.51000022888184
United Arab Emirates,ARE,100,..,1.13369,..,1.398046,77.647,..,..,0.6274605,2.6,..,..,122.265,2,2.46300005912781
United Kingdom,GBR,100,..,1.843301,..,1.414262,81.1560975609756,..,..,0.2628686,2.5,..,..,101.1546,7,4.33500003814697
United States,USA,100,..,1.381283,..,1.554403,78.5390243902439,..,..,0.3045674,2.5,..,..,101.8214,11,4.35500001907349
Uruguay,URY,100,..,1.292767,..,0.4158669,77.632,98.61572,..,1.063136,2.5,..,..,108.4594,4,7.8899998664856
Uzbekistan,UZB,100,..,-1.158786,..,-0.5560198,71.388,..,..,-0.277865,6.3,..,..,103.6549,6,4.97200012207031
Vanuatu,VUT,62.784294128418,..,0.0060723,..,-0.9005539,70.172,..,..,0.7129492,7.2,..,..,..,11,5.4229998588562
"Venezuela, RB",VEN,100,..,-1.363519,..,-1.399024,72.246,..,..,-1.179866,21.2,..,..,97.15034,1,7.42199993133545
Vietnam,VNM,100,..,-0.5827382,..,0.0024033,75.241,..,..,0.305176,9.3,..,..,109.1508,8,1.8860000371933
"Yemen, Rep.",YEM,79.2,..,-1.592206,..,-1.919918,66.086,..,..,-2.961164,38.9,..,..,..,0,13.1750001907349
Zambia,ZMB,40.3,..,-0.5385522,..,-0.6219829,63.043,..,..,0.1104182,46.7,..,..,98.71552,11,7.20599985122681
Zimbabwe,ZWE,40.4213676452637,..,-1.270367,..,-1.190636,60.812,..,..,-0.7742645,51.3,..,..,..,5,4.94299983978271
Arab World,ARB,90.2736865998321,..,..,..,..,71.6225263276687,74.47393,..,..,11.854452689428,..,..,95.5207,1.77272727272727,9.95111010082331
Caribbean small states,CSS,98.3837313333542,..,..,..,..,73.5174924941115,..,..,..,7.25467676040191,..,..,98.37003,5.30769230769231,9.91456218789348
Central Europe and the Baltics,CEB,100,..,..,..,..,77.0339659062949,..,..,..,2.62853758423274,..,..,96.96879,7,5.29453485088925
Early-demographic dividend,EAR,89.6848298590141,..,..,..,..,70.2552611004123,79.01262,..,..,12.9676773632768,..,..,107.8682,4.60655737704918,4.53607295145514
East Asia & Pacific,EAS,97.8255563174976,..,..,..,..,75.8657476184635,95.46465,..,..,8.64964523371828,..,..,102.0474,7.27586206896552,3.86960988400797
East Asia & Pacific (excluding high income),EAP,97.5916216010028,..,..,..,..,74.9949516020133,95.72633,..,..,9.35184750633842,..,..,102.3024,6.9,3.91711696086904
East Asia & Pacific (IDA & IBRD),TEA,98.2604232306703,..,..,..,..,75.0333588983101,95.67395,..,..,8.87113630706614,..,..,102.2664,7.04761904761905,3.92635159865578
Euro area,EMU,100,..,..,..,..,81.9507304209619,..,..,..,2.52661259912019,..,..,102.6671,4.63157894736842,9.05518207337708
Europe & Central Asia,ECS,99.9932082191319,..,..,..,..,77.7446903650865,98.27194,..,..,2.82197755743993,..,..,100.468,5.97959183673469,7.45381360205977
Europe & Central Asia (excluding high income),ECA,99.9850468508845,..,..,..,..,73.3991723323695,98.96444,..,..,3.1996826226048,..,..,97.73418,7.05,7.22087096457709
Europe & Central Asia (IDA & IBRD),TEC,99.9864219138175,..,..,..,..,73.808354320107,98.94835,..,..,3.13327256733426,..,..,97.94559,6.95454545454545,7.05311780608745
European Union,EUU,100,..,..,..,..,80.9911558127395,..,..,..,2.53292289179926,..,..,101.9404,5.53571428571429,7.61511032218954
Fragile and conflict affected situations,FCS,54.9705854335889,..,..,..,..,63.1510954554411,63.33,..,..,25.7178892483,..,..,98.617,4.62857142857143,5.83342904076416
Heavily indebted poor countries (HIPC),HPC,42.0465241866288,..,..,..,..,62.7486826008412,62.12908,..,..,24.3262345599654,..,..,101.0062,5,3.87332761608217
High income,HIC,100,..,..,..,..,80.6937295003259,..,..,..,2.71328603193005,..,..,101.5576,5.5,5.59045521770412
IBRD only,IBD,96.9098314063156,..,..,..,..,73.1955086229713,88.8029,..,..,9.48313436682696,..,..,106.4264,5.09090909090909,5.12133950041392
IDA & IBRD total,IBT,87.0666332353838,..,..,..,..,70.8585577824811,83.98566,..,..,12.062437342453,..,..,103.8803,5.29787234042553,4.94689968206549
IDA blend,IDB,64.9987868372206,..,..,..,..,61.9968846385796,67.07135,..,..,18.3000516870836,..,..,92.2691,5.58823529411765,5.02518571857709
IDA only,IDX,54.3556203259251,..,..,..,..,64.973294676486,65.47285,..,..,21.8117950205552,..,..,102.7548,5.44827586206897,4.01541100973446
IDA total,IDA,57.9699989381489,..,..,..,..,63.9647120093937,66.01621,..,..,20.5170293919098,..,..,99.34037,5.48,4.32669290379214
Late-demographic dividend,LTE,99.3144547971777,..,..,..,..,75.9954014946273,96.00959,..,..,7.43595730399124,..,..,102.3267,6.10416666666667,5.22718487538581
Latin America & Caribbean,LCN,98.1257577150449,..,..,..,..,75.2802157502625,93.70474,..,..,6.5274472917183,..,..,108.9367,5.21212121212121,8.07772948147543
Latin America & Caribbean (excluding high income),LAC,98.0259694440284,..,..,..,..,75.0834544384024,93.12496,..,..,6.64760188471161,..,..,109.3939,4.79166666666667,8.14030234789049
Latin America & Caribbean (IDA & IBRD),TLA,98.0776134613229,..,..,..,..,75.192465413112,93.58714,..,..,6.60243721010512,..,..,109.171,4.93333333333333,8.16220191867006
Least developed countries: UN classification,LDC,51.0192312066886,..,..,..,..,64.7077302181912,64.2174,..,..,22.817582795694,..,..,103.5317,5,3.94434836901344
Low & middle income,LMY,86.7816302052931,..,..,..,..,70.7965876778099,83.81031,..,..,12.2950673864112,..,..,103.9039,5.28787878787879,4.93135857662304
Low income,LIC,40.9399213414704,..,..,..,..,63.3926101593465,62.75316,..,..,27.7119619577075,..,..,102.4793,4.83333333333333,3.56555149437146
Lower middle income,LMC,86.1636844815529,..,..,..,..,68.3230243560808,76.85608,..,..,13.9882818676644,..,..,105.3458,5.40425531914894,3.95715472692379
Middle East & North Africa,MEA,97.7567835411133,..,..,..,..,73.9010335056528,78.83495,..,..,9.46474724625058,..,..,104.2625,1.80952380952381,9.87266818978548
Middle East & North Africa (excluding high income),MNA,97.3712932316235,..,..,..,..,73.3942702537245,75.85256,..,..,10.1730697965876,..,..,104.4766,1.76923076923077,11.5445377422923
Middle East & North Africa (IDA & IBRD),TMN,97.3398215051986,..,..,..,..,73.3901310655417,75.61515,..,..,10.1730697965876,..,..,104.54,1.25,11.3747353808479
Middle income,MIC,92.3621778813774,..,..,..,..,71.7024338527781,85.92127,..,..,10.8049899554003,..,..,104.2002,5.42156862745098,5.08495840666292
North America,NAC,100,..,..,..,..,78.9142768005615,..,..,..,2.5,..,..,101.7452,10,4.57152830567289
OECD members,OED,100,..,..,..,..,80.1384657252691,..,..,..,2.61292122955495,..,..,101.7026,6,5.76169693828023
Other small states,OSS,75.2468624641826,..,..,..,..,68.2054875092564,84.17819,..,..,15.4727746348877,..,..,108.0973,4.30769230769231,9.85101727840885
Pacific island small states,PSS,82.9978091679507,..,..,..,..,69.7742837809553,91.01657,..,..,5.595726996747,..,..,107.9977,8.77777777777778,3.59727476367817
Post-demographic dividend,PST,100,..,..,..,..,80.6136376062954,..,..,..,2.55310409130761,..,..,101.029,5.86111111111111,5.83437841545603
Pre-demographic dividend,PRE,45.3850334161789,..,..,..,..,60.427466911492,61.92296,..,..,23.2088536475723,..,..,96.89815,5.05405405405405,5.09228584609056
Small states,SST,79.9607973895994,..,..,..,..,69.261389799666,85.94953,..,..,13.12349640563,..,..,106.5612,5.41666666666667,9.57285449650973
South Asia,SAS,89.8864892428194,..,..,..,..,69.1713119009688,71.69524,..,..,15.3441571439123,..,..,110.2115,5.25,2.77276054392215
South Asia (IDA & IBRD),TSA,89.8864892428194,..,..,..,..,69.1713119009688,71.69524,..,..,15.3441571439123,..,..,110.2115,5.25,2.77276054392215
Sub-Saharan Africa,SSF,44.5735868076554,..,..,..,..,60.8800023700024,65.05196,..,..,21.3504029980237,..,..,97.91363,5.02083333333333,6.12127776439593
Sub-Saharan Africa (excluding high income),SSA,44.5685113197542,..,..,..,..,60.8787774728612,65.0482,..,..,21.3504029980237,..,..,97.91353,5.08510638297872,6.12127776439593
Sub-Saharan Africa (IDA & IBRD),TSS,44.5735868076553,..,..,..,..,60.8800023700024,65.05196,..,..,21.3504029980237,..,..,97.91363,5.02083333333333,6.12127776439593
Upper middle income,UMC,99.3685736883996,..,..,..,..,75.5225332493901,95.02833,..,..,7.21483773082868,..,..,102.4079,5.43636363636364,6.06269606099586
World,WLD,88.8670732901242,..,..,..,..,72.3830086612671,86.12593,..,..,10.8,..,..,103.6537,5.35263157894737,5.04858059712278
,,,,,,,,,,,,,,,,
,,,,,,,,,,,,,,,,
,,,,,,,,,,,,,,,,
Data from database: Environment Social and Governance (ESG) Data,,,,,,,,,,,,,,,,
Last Updated: 02/29/2020,,,,,,,,,,,,,,,,
